perturbation_type,ell,overtone,mode,a_over_M,leaver_real,leaver_imag,schwarzschild_real,schwarzschild_imag,delta_real,fractional_real_shift,damping,schwarzschild_damping,delta_damping,fractional_damping_shift,quality_factor,fractional_quality_shift,complex_shift_abs,fractional_complex_shift,spectral_leaver_relative_difference
gravitational,2,0,fundamental,0.0,0.37367168441804177,-0.08896231568893574,0.37367168441804177,-0.08896231568893574,0.0,0.0,0.08896231568893574,0.08896231568893574,0.0,0.0,2.100168377611799,0.0,0.0,0.0,1.0727380586397459e-11
gravitational,2,0,fundamental,0.2,0.3723833691006361,-0.08885653412567836,0.37367168441804177,-0.08896231568893574,-0.0012883153174056972,-0.0034477199400648356,0.08885653412567836,0.08896231568893574,-0.00010578156325738441,-0.0011890603615496993,2.095419165088852,-0.0022613484583306064,0.0012926508021067864,0.0033652647354626003,1.1141247883103491e-11
gravitational,2,0,fundamental,0.5,0.3658681292784279,-0.088309919158722,0.37367168441804177,-0.08896231568893574,-0.007803555139613894,-0.020883453215801435,0.088309919158722,0.08896231568893574,-0.0006523965302137474,-0.007333403196190475,2.0715007598458017,-0.013650152088565761,0.007830778636229564,0.02038651362979641,8.88535659030065e-12
gravitational,2,0,fundamental,1.0,0.3454879561713115,-0.08647005305062835,0.37367168441804177,-0.08896231568893574,-0.028183728246730266,-0.07542377285189203,0.08647005305062835,0.08896231568893574,-0.002492262638307388,-0.0280148130026403,1.9977318388426786,-0.04877539337374752,0.028293707974456874,0.07365934986210673,8.809462883071715e-12
gravitational,2,1,first overtone,0.0,0.34671099687916335,-0.2739148752912349,0.34671099687916335,-0.2739148752912349,0.0,0.0,0.2739148752912349,0.2739148752912349,0.0,0.0,0.6328809205971916,0.0,0.0,0.0,3.150476342345582e-08
gravitational,2,1,first overtone,0.2,0.34531544193753316,-0.2736192538772392,0.34671099687916335,-0.2739148752912349,-0.0013955549416301838,-0.004025124539434688,0.2736192538772392,0.2739148752912349,-0.00029562141399575026,-0.0010792455637228034,0.6310145156898588,-0.002949061737509251,0.0014265222099642447,0.003228468121741772,3.1768589222932424e-08
gravitational,2,1,first overtone,0.5,0.33825647003918813,-0.27208954767335297,0.34671099687916335,-0.2739148752912349,-0.008454526839975218,-0.02438493995309244,0.27208954767335297,0.2739148752912349,-0.0018253276178819555,-0.006663849913011149,0.62159034209809,-0.017839972942220554,0.0086493262743675,0.019574931225248088,3.317095888268997e-08
gravitational,2,1,first overtone,1.0,0.3161639975111328,-0.2669182361628639,0.34671099687916335,-0.2739148752912349,-0.03054699936803057,-0.08810507784002275,0.2669182361628639,0.2739148752912349,-0.006996639128371007,-0.025543114885352467,0.5922487763597779,-0.06420187892387853,0.03133803008300158,0.07092341809644251,3.786340005890857e-08
gravitational,2,2,second overtone,0.0,0.30105345461229804,-0.47827698321961465,0.30105345461229804,-0.47827698321961465,0.0,0.0,0.47827698321961465,0.47827698321961465,0.0,0.0,0.3147270987051249,0.0,0.0,0.0,1.0244249051467922e-05
gravitational,2,2,second overtone,0.2,0.29946368274710694,-0.4778677962249519,0.30105345461229804,-0.47827698321961465,-0.001589771865191103,-0.00528069630437704,0.4778677962249519,0.47827698321961465,-0.0004091869946627469,-0.0008555439818747391,0.3133331908038193,-0.004428941476728694,0.0016415872136302503,0.002904749630249043,1.0470862577010254e-05
gravitational,2,2,second overtone,0.5,0.2914164333513081,-0.4757457571931693,0.30105345461229804,-0.47827698321961465,-0.00963702126098992,-0.032010997094853624,0.4757457571931693,0.47827698321961465,-0.0025312260264453434,-0.005292385197811324,0.3062732866716696,-0.026860769435605135,0.009963899035102976,0.017630882963598167,1.2015469154339846e-05
gravitational,2,2,second overtone,1.0,0.2661706203216734,-0.46853049963797927,0.30105345461229804,-0.47827698321961465,-0.034882834290624665,-0.11586923769251342,0.46853049963797927,0.47827698321961465,-0.009746483581635379,-0.020378324534927494,0.28404833893133546,-0.09747733798586268,0.0362188634602781,0.06408841965309073,0.0
gravitational,3,0,fundamental,0.0,0.5994432884374902,-0.09270304794494758,0.5994432884374902,-0.09270304794494758,0.0,0.0,0.09270304794494758,0.09270304794494758,0.0,0.0,3.2331368909977707,0.0,0.0,0.0,9.422696215805236e-14
gravitational,3,0,fundamental,0.2,0.5974160623007057,-0.0925936298018977,0.5994432884374902,-0.09270304794494758,-0.0020272261367845212,-0.0033818480845263814,0.0925936298018977,0.09270304794494758,-0.00010941814304987751,-0.0011803079345876128,3.2260105991031236,-0.0022041417158949485,0.0020301768739917165,0.0033469834993926453,4.506801958147117e-13
gravitational,3,0,fundamental,0.5,0.5871635814093505,-0.09202711928243466,0.5994432884374902,-0.09270304794494758,-0.01227970702813963,-0.02048518561305096,0.09202711928243466,0.09270304794494758,-0.0006759286625129118,-0.007291331595853432,3.190166040117607,-0.013290761365474532,0.01229829598984137,0.020275176156308514,3.048399464959931e-13
gravitational,3,0,fundamental,1.0,0.5550880799210591,-0.09010821749642933,0.5994432884374902,-0.09270304794494758,-0.044355208516431044,-0.07399400305581434,0.09010821749642933,0.09270304794494758,-0.0025948304485182427,-0.027990778146358284,3.0801190798333975,-0.04732797166443228,0.04443104396244403,0.07324976109628178,3.0790731133602955e-14
gravitational,3,1,first overtone,0.0,0.5826438030332994,-0.28129811343504396,0.5826438030332994,-0.28129811343504396,0.0,0.0,0.28129811343504396,0.28129811343504396,0.0,0.0,1.0356340394864412,0.0,0.0,0.0,1.0667707823714203e-10
gravitational,3,1,first overtone,0.2,0.5805547597932427,-0.2809811817329841,0.5826438030332994,-0.28129811343504396,-0.002089043240056765,-0.003585455177212914,0.2809811817329841,0.28129811343504396,-0.000316931702059875,-0.0011266755336169696,1.0330847713939484,-0.0024615530151528594,0.0021129475532055773,0.0032657869165383263,1.1091789538771235e-10
gravitational,3,1,first overtone,0.5,0.5699908817345729,-0.2793391464837658,0.5826438030332994,-0.28129811343504396,-0.012652921298726527,-0.02171639212989859,0.2793391464837658,0.28129811343504396,-0.0019589669512781738,-0.006964024491157951,1.0202488425081853,-0.014855823960638885,0.012803670134300067,0.01978944453440554,2.504368224874599e-10
gravitational,3,1,first overtone,1.0,0.5369590372055771,-0.27376487310014164,0.5826438030332994,-0.28129811343504396,-0.045684765827722296,-0.07840942543262801,0.27376487310014164,0.28129811343504396,-0.007533240334902325,-0.026780273222990758,0.980693817882838,-0.05304984145832763,0.04630170125035604,0.07156424205961681,1.4009609564961757e-10
gravitational,3,2,second overtone,0.0,0.551684900778451,-0.4790927509669616,0.551684900778451,-0.4790927509669616,0.0,0.0,0.4790927509669616,0.4790927509669616,0.0,0.0,0.5757600168912756,0.0,0.0,0.0,2.240936466319818e-08
gravitational,3,2,second overtone,0.2,0.5494797955849484,-0.47860484820686405,0.551684900778451,-0.4790927509669616,-0.002205105193502588,-0.003997037421888999,0.47860484820686405,0.4790927509669616,-0.000487902760097525,-0.0010183889426687881,0.5740432818886224,-0.002981684994248945,0.0022584370741118446,0.0030908910006632526,2.229905609286553e-08
gravitational,3,2,second overtone,0.5,0.5383310951514654,-0.47607379935028044,0.551684900778451,-0.4790927509669616,-0.013353805626985626,-0.024205494129244495,0.47607379935028044,0.4790927509669616,-0.0030189516166811425,-0.006301392810865824,0.5653861816026741,-0.01801763752997899,0.013690806900514472,0.01873720207912372,4.2451007879031324e-08
gravitational,3,2,second overtone,1.0,0.5035009350372502,-0.46744722244331827,0.551684900778451,-0.4790927509669616,-0.04818396574120076,-0.08733964926937664,0.46744722244331827,0.4790927509669616,-0.011645528523643311,-0.024307461342587485,0.5385644740870225,-0.06460251096469774,0.04957129097717951,0.06784313759677316,9.640310814875638e-09
gravitational,4,0,fundamental,0.0,0.8091783775322391,-0.09416396098892321,0.8091783775322391,-0.09416396098892321,0.0,0.0,0.09416396098892321,0.09416396098892321,0.0,0.0,4.296645813505154,0.0,0.0,0.0,6.868825342770505e-14
gravitational,4,0,fundamental,0.2,0.8064638343562723,-0.0940550171460168,0.8091783775322391,-0.09416396098892321,-0.002714543175966755,-0.003354690697798092,0.0940550171460168,0.09416396098892321,-0.00010894384290641157,-0.0011569590081201763,4.2871920011681475,-0.0022002773203439715,0.0027167284397036986,0.003334886806775315,3.0933642223607694e-13
gravitational,4,0,fundamental,0.5,0.7927343325645653,-0.09349025983983186,0.8091783775322391,-0.09416396098892321,-0.01644404496767382,-0.020321903580547248,0.09349025983983186,0.09416396098892321,-0.0006737011490913491,-0.007154554056733007,4.239662687442965,-0.01326223490032164,0.01645783971659603,0.02020262008406146,1.6340390633653617e-13
gravitational,4,0,fundamental,1.0,0.7497692937568452,-0.09156933627884145,0.8091783775322391,-0.09416396098892321,-0.05940908377539389,-0.07341902036059648,0.09156933627884145,0.09416396098892321,-0.002594624710081761,-0.02755432845892044,4.093997642800931,-0.04716427173663289,0.05946571543686274,0.07299641251132104,2.1301943888376897e-14
gravitational,4,1,first overtone,0.0,0.7966315320345024,-0.2843343494048407,0.7966315320345024,-0.2843343494048407,0.0,0.0,0.2843343494048407,0.2843343494048407,0.0,0.0,1.4008710760799483,0.0,0.0,0.0,1.3792352305161642e-11
gravitational,4,1,first overtone,0.2,0.7938708925998788,-0.28401432864725223,0.7966315320345024,-0.2843343494048407,-0.0027606394346236796,-0.003465390614872266,0.28401432864725223,0.2843343494048407,-0.0003200207575884684,-0.0011255086072376598,1.3975895096227202,-0.0023425185324054917,0.0027791263687149685,0.003285589049136209,2.6829252980716285e-11
gravitational,4,1,first overtone,0.5,0.7799096780950937,-0.28235468611444486,0.7966315320345024,-0.2843343494048407,-0.016721853939408726,-0.020990700552240376,0.28235468611444486,0.2843343494048407,-0.001979663290395839,-0.00696244859103237,1.3810815198919317,-0.014126607741373047,0.016838630167393665,0.019907269961971796,7.43848407952179e-11
gravitational,4,1,first overtone,1.0,0.7362390717936736,-0.2767022790309613,0.7966315320345024,-0.2843343494048407,-0.06039246024082878,-0.07580977881529948,0.2767022790309613,0.2843343494048407,-0.007632070373879418,-0.026841886637525916,1.3303812935188961,-0.05031853663386603,0.06087279977241011,0.07196614251656738,2.298115770414292e-11
gravitational,4,2,second overtone,0.0,0.77270953260671,-0.4799081751211634,0.77270953260671,-0.4799081751211634,0.0,0.0,0.4799081751211634,0.4799081751211634,0.0,0.0,0.8050597725404682,0.0,0.0,0.0,2.807762221168071e-09
gravitational,4,2,second overtone,0.2,0.7698599205776621,-0.4793984490963362,0.77270953260671,-0.4799081751211634,-0.0028496120290479876,-0.0036878178782587495,0.4793984490963362,0.4799081751211634,-0.000509726024827184,-0.0010621324062639534,0.8029436912330905,-0.0026284772628747343,0.0028948418499947647,0.0031825058871844,3.808349060741258e-09
gravitational,4,2,second overtone,0.5,0.7554513717358383,-0.4767529239114273,0.77270953260671,-0.4799081751211634,-0.01725816087087173,-0.022334603292199457,0.4767529239114273,0.4799081751211634,-0.0031552512097360874,-0.006574697772004977,0.7922881369430138,-0.015864207892479717,0.017544222035799396,0.019287613212826408,1.3589802490677995e-08
gravitational,4,2,second overtone,1.0,0.7104175020792383,-0.46772044154739545,0.77270953260671,-0.4799081751211634,-0.06229203052747179,-0.08061506672155536,0.46772044154739545,0.4799081751211634,-0.012187733573767956,-0.025395969907557617,0.7594467110833445,-0.05665798119956477,0.06347312751787663,0.06978053118999018,5.1398572333597516e-09
scalar,2,0,fundamental,0.0,0.48364387221071303,-0.09675877597828782,0.48364387221071303,-0.09675877597828782,0.0,0.0,0.09675877597828782,0.09675877597828782,0.0,0.0,2.4992248368212113,0.0,0.0,0.0,7.913528165069764e-13
scalar,2,0,fundamental,0.2,0.48203368791957835,-0.09665386072221566,0.48364387221071303,-0.09675877597828782,-0.0016101842911346864,-0.0033292767336730866,0.09665386072221566,0.09675877597828782,-0.00010491525607216057,-0.0010842970574132006,2.4936080375772516,-0.002247416543404638,0.001613598668310556,0.0032715079948557983,6.084073632980392e-13
scalar,2,0,fundamental,0.5,0.4738869263710777,-0.09610918270358437,0.48364387221071303,-0.09675877597828782,-0.009756945839635323,-0.020173822930985953,0.09610918270358437,0.09675877597828782,-0.0006495932747034444,-0.006713533404444987,2.4653571752483763,-0.013551266406231647,0.00977854608518654,0.01982561855312381,6.219483207098473e-13
scalar,2,0,fundamental,1.0,0.44836240900203495,-0.09424817915891738,0.48364387221071303,-0.09675877597828782,-0.03528146320867809,-0.07294926129717762,0.09424817915891738,0.09675877597828782,-0.0025105968193704364,-0.02594696753846702,2.3786263724311576,-0.04825434775345947,0.03537067630869869,0.07171265854384898,6.341136312121044e-13
scalar,2,1,first overtone,0.0,0.4638505790197655,-0.2956039369879625,0.4638505790197655,-0.2956039369879625,0.0,0.0,0.2956039369879625,0.2956039369879625,0.0,0.0,0.7845811929065314,0.0,0.0,0.0,1.8142844205909435e-09
scalar,2,1,first overtone,0.2,0.46216558699247906,-0.2953112973489303,0.4638505790197655,-0.2956039369879625,-0.0016849920272864471,-0.0036326181393311285,0.2953112973489303,0.2956039369879625,-0.00029263963903219947,-0.0009899720619895407,0.7825057678819498,-0.002645264815605678,0.001710215217553565,0.0031092815445071635,1.7882961564609665e-09
scalar,2,1,first overtone,0.5,0.45364274584456094,-0.2937901797474656,0.4638505790197655,-0.2956039369879625,-0.010207833175204573,-0.02200672724560639,0.2937901797474656,0.2956039369879625,-0.001813757240496927,-0.006135768213976075,0.772052262322894,-0.01596894075069927,0.010367717852076323,0.018849179591695867,1.8081830764410907e-09
scalar,2,1,first overtone,1.0,0.426971489573508,-0.2885729134534649,0.4638505790197655,-0.2956039369879625,-0.03687908944625751,-0.0795063995051864,0.2885729134534649,0.2956039369879625,-0.0070310235344975824,-0.023785283802846977,0.7397982791658669,-0.05707874996947515,0.037543342023955734,0.06825621668902596,1.7472980192219998e-09
scalar,2,2,second overtone,0.0,0.43054405437657595,-0.5085584021542734,0.43054405437657595,-0.5085584021542734,0.0,0.0,0.5085584021542734,0.5085584021542734,0.0,0.0,0.4232985361688789,0.0,0.0,0.0,6.106966736840458e-07
scalar,2,2,second overtone,0.2,0.42873768188892974,-0.5081408138380228,0.43054405437657595,-0.5085584021542734,-0.0018063724876462017,-0.004195557851244313,0.5081408138380228,0.5085584021542734,-0.00041758831625060555,-0.0008211216538389397,0.4218689684170853,-0.0033772092970887403,0.0018540122885229598,0.0027824105147843435,6.368257716229932e-07
scalar,2,2,second overtone,0.5,0.41960733599435157,-0.5059650261373936,0.43054405437657595,-0.5085584021542734,-0.010936718382224375,-0.025402088987294572,0.5059650261373936,0.5085584021542734,-0.0025933760168798115,-0.00509946548104243,0.41466041556043065,-0.02040668670066462,0.01123999146516633,0.016868426726384007,9.180839390628178e-07
scalar,2,2,second overtone,1.0,0.39111629784924434,-0.49844718314430964,0.43054405437657595,-0.5085584021542734,-0.0394277565273316,-0.09157659042446342,0.49844718314430964,0.5085584021542734,-0.010111219009963757,-0.019882119668325673,0.3923347458621398,-0.07314882443719539,0.04070362065770062,0.061085993231471986,8.631500438472693e-07
scalar,3,0,fundamental,0.0,0.6753662325366205,-0.09649962773400962,0.6753662325366205,-0.09649962773400962,0.0,0.0,0.09649962773400962,0.09649962773400962,0.0,0.0,3.4993204035884555,0.0,0.0,0.0,4.1970000564771457e-14
scalar,3,0,fundamental,0.2,0.6731230465476425,-0.09639384455437679,0.6753662325366205,-0.09649962773400962,-0.0022431859889779915,-0.003321436401332604,0.09639384455437679,0.09649962773400962,-0.00010578317963283457,-0.0010962029814707058,3.49152505359368,-0.0022276754042818395,0.002245678842185677,0.0032916955126623907,3.637513774822398e-13
scalar,3,0,fundamental,0.5,0.6617749533439771,-0.09584454856224056,0.6753662325366205,-0.09649962773400962,-0.013591279192643468,-0.02012430965284677,0.09584454856224056,0.09649962773400962,-0.0006550791717690602,-0.006788411387189101,3.452334865525641,-0.013427046581568302,0.013607056949012484,0.019945099654593727,1.7595246298900246e-13
scalar,3,0,fundamental,1.0,0.626234254156411,-0.09396617452988719,0.6753662325366205,-0.09649962773400962,-0.04913197838020955,-0.07274864512499217,0.09396617452988719,0.09649962773400962,-0.0025334532041224322,-0.02625350235656464,3.332232355363306,-0.04774871373704597,0.04919725281650244,0.07211288332475126,6.619785404933111e-14
scalar,3,1,first overtone,0.0,0.6606714979559625,-0.2922847851384119,0.6606714979559625,-0.2922847851384119,0.0,0.0,0.2922847851384119,0.2922847851384119,0.0,0.0,1.1301845521023282,0.0,0.0,0.0,5.305159796009103e-11
scalar,3,1,first overtone,0.2,0.6583728165233457,-0.2919786784960549,0.6606714979559625,-0.2922847851384119,-0.0022986814326168004,-0.0034793107311706984,0.2919786784960549,0.2922847851384119,-0.0003061066423569736,-0.001047289006891058,1.127433037087743,-0.0024345714241686286,0.0023189733946624496,0.0032099254892344197,7.273143079311922e-11
scalar,3,1,first overtone,0.5,0.6467459451134298,-0.29038813577469175,0.6606714979559625,-0.2922847851384119,-0.013925552842532718,-0.021077877410508386,0.29038813577469175,0.2922847851384119,-0.0018966493637201376,-0.0064890458216016154,1.113588789342329,-0.014684117500215556,0.014054120419971897,0.019453728735600417,1.9561506217434798e-10
scalar,3,1,first overtone,1.0,0.6103582494443323,-0.2849377890899865,0.6606714979559625,-0.2922847851384119,-0.050313248511630215,-0.07615471329895918,0.2849377890899865,0.2922847851384119,-0.007346996048425369,-0.02513643002302083,1.0710377366821893,-0.05233376735694727,0.05084684185599572,0.07038225367151735,7.887570520720627e-11
scalar,3,2,second overtone,0.0,0.6336258076943235,-0.4960082304031267,0.6336258076943235,-0.4960082304031267,0.0,0.0,0.4960082304031267,0.4960082304031267,0.0,0.0,0.6387250945204571,0.0,0.0,0.0,5.717530994281813e-09
scalar,3,2,second overtone,0.2,0.6312250228277949,-0.4955360614922207,0.6336258076943235,-0.4960082304031267,-0.0024007848665286158,-0.0037889631977976704,0.4955360614922207,0.4960082304031267,-0.0004721689109060123,-0.0009519376533777692,0.6369112884811758,-0.0028397287891797104,0.002446775726497832,0.0030406912351213433,6.749811652112841e-09
scalar,3,2,second overtone,0.5,0.6190857459282751,-0.49307958790379913,0.6336258076943235,-0.4960082304031267,-0.014540061766048384,-0.02294739511788141,0.49307958790379913,0.4960082304031267,-0.0029286424993275606,-0.005904423192629949,0.6277746646947593,-0.01714419852866311,0.01483207143487954,0.018432318549802252,3.822904680427064e-08
scalar,3,2,second overtone,1.0,0.5811473869266748,-0.4846289433013186,0.6336258076943235,-0.4960082304031267,-0.05247842076764875,-0.0828224168434844,0.4846289433013186,0.4960082304031267,-0.011379287101808078,-0.022941730407496773,0.5995797351349543,-0.061286709605315244,0.05369797781305887,0.06673229945501226,9.381428039120406e-09
scalar,4,0,fundamental,0.0,0.8674156417378789,-0.09639169234802263,0.8674156417378789,-0.09639169234802263,0.0,0.0,0.09639169234802263,0.09639169234802263,0.0,0.0,4.4994315412892165,0.0,0.0,0.0,3.8553806534114085e-14
scalar,4,0,fundamental,0.2,0.8645374140304737,-0.09628553855210949,0.8674156417378789,-0.09639169234802263,-0.002878227707405201,-0.003318164405749743,0.09628553855210949,0.09639169234802263,-0.00010615379591313867,-0.0011012753622985467,4.489445803756855,-0.0022193331403594506,0.0028801846058997276,0.003300106758742693,2.956749578453687e-13
scalar,4,0,fundamental,0.5,0.8499773147730099,-0.09573424166165954,0.8674156417378789,-0.09639169234802263,-0.017438326964869022,-0.020103772777178768,0.09573424166165954,0.09639169234802263,-0.0006574506863630813,-0.00682061566041763,4.439254440312843,-0.013374378612977172,0.017450715995015142,0.0199949772948872,1.0834519104755332e-13
scalar,4,0,fundamental,1.0,0.804383065395777,-0.09384796904803688,0.8674156417378789,-0.09639169234802263,-0.06303257634210191,-0.07266709672864015,0.09384796904803688,0.09639169234802263,-0.0025437232999857423,-0.026389445376699253,4.285564586826842,-0.04753199431968584,0.06308388231989052,0.07228132043521075,5.710379853424436e-14
scalar,4,1,first overtone,0.0,0.8558080351237757,-0.2908760225332742,0.8558080351237757,-0.2908760225332742,0.0,0.0,0.2908760225332742,0.2908760225332742,0.0,0.0,1.471087282599715,0.0,0.0,0.0,1.4329415127939906e-11
scalar,4,1,first overtone,0.2,0.8528860569232423,-0.29056432945505567,0.8558080351237757,-0.2908760225332742,-0.002921978200533415,-0.0034142916175247274,0.29056432945505567,0.2908760225332742,-0.00031169307821854453,-0.0010715667640941048,1.467637232902613,-0.0023452379324529217,0.002938555628093817,0.0032510119684685933,2.6018278591170056e-11
scalar,4,1,first overtone,0.5,0.8381062944449222,-0.28894493865596466,0.8558080351237757,-0.2908760225332742,-0.01770174067885344,-0.02068424220426165,0.28894493865596466,0.2908760225332742,-0.0019310838773095584,-0.0066388554838295605,1.4502872041008865,-0.014139255192302693,0.01780676017703893,0.019700151292611597,7.533114094433817e-11
scalar,4,1,first overtone,1.0,0.791846226619132,-0.2833970219921965,0.8558080351237757,-0.2908760225332742,-0.06396180850464372,-0.07473849961620531,0.2833970219921965,0.2908760225332742,-0.007479000541077696,-0.025711987106885544,1.3970616576220336,-0.05032034866541897,0.06439758067100157,0.07124496929726452,2.570484311862887e-11
scalar,4,2,second overtone,0.0,0.8336921325614892,-0.4903248946181467,0.8336921325614892,-0.4903248946181467,0.0,0.0,0.4903248946181467,0.4903248946181467,0.0,0.0,0.8501425704794662,0.0,0.0,0.0,2.4082341318366355e-09
scalar,4,2,second overtone,0.2,0.8306863431769744,-0.4898284403813656,0.8336921325614892,-0.4903248946181467,-0.00300578938451479,-0.003605394925917808,0.4898284403813656,0.4903248946181467,-0.0004964542367811298,-0.001012500573049134,0.8479360064620045,-0.002595522320705808,0.0030465122079649924,0.0031498513769303914,3.190321199625765e-09
scalar,4,2,second overtone,0.5,0.815485875582896,-0.48724712171713397,0.8336921325614892,-0.4903248946181467,-0.018206256978593238,-0.02183810577971411,0.48724712171713397,0.4903248946181467,-0.003077772901012743,-0.006277007214593171,0.8368298541292538,-0.015659392685987025,0.018464573626292686,0.019090900902727952,1.2251237735190586e-08
scalar,4,2,second overtone,1.0,0.7679518157875469,-0.4783818813486051,0.8336921325614892,-0.4903248946181467,-0.06574031677394232,-0.07885442863897198,0.4783818813486051,0.4903248946181467,-0.011943013269541614,-0.02435734632409914,0.8026556248562507,-0.0558576258526068,0.0668163514081301,0.06908279439488854,4.529176946400924e-09
