perturbation_type,ell,a_over_M,ratio_name,numerator_overtone,denominator_overtone,value_real,value_imag,schwarzschild_value_real,schwarzschild_value_imag,fractional_shift_abs,fractional_real_shift,validation_max
gravitational,2,0.0,omega0_over_omega1,0,1,0.7883930533401254,0.3662712470624624,0.7883930533401254,0.3662712470624624,0.0,0.0,3.150476342345582e-08
gravitational,2,0.2,omega0_over_omega1,0,1,0.7877100040880234,0.366841658611488,0.7883930533401254,0.3662712470624624,0.001023675349289185,-0.0008663816217155,3.1768589222932424e-08
gravitational,2,0.5,omega0_over_omega1,0,1,0.7842151299349681,0.3697396262941957,0.7883930533401254,0.3662712470624624,0.006246236088423546,-0.005299289976563126,3.317095888268997e-08
gravitational,2,1.0,omega0_over_omega1,0,1,0.7728236520769821,0.37895103164769345,0.7883930533401254,0.3662712470624624,0.02309783420319902,-0.01974827301836516,3.786340005890857e-08
gravitational,2,0.0,omega0_over_omega2,0,2,0.48544925089806795,0.4757191300835635,0.48544925089806795,0.4757191300835635,0.0,0.0,1.0244249051467922e-05
gravitational,2,0.2,omega0_over_omega2,0,2,0.48414930793668015,0.47586013567528423,0.48544925089806795,0.4757191300835635,0.0019237896319387368,-0.002677814331741046,1.0470862577010254e-05
gravitational,2,0.5,omega0_over_omega2,0,2,0.47752431517428634,0.47653540380342146,0.48544925089806795,0.4757191300835635,0.011721430835973934,-0.01632495200913524,1.2015469154339846e-05
gravitational,2,1.0,omega0_over_omega2,0,2,0.45622372432626235,0.4782070849924329,0.48544925089806795,0.4757191300835635,0.04315425402429106,-0.06020305215785002,8.809462883071715e-12
gravitational,2,0.0,real_to_damping_n0,0,,4.200336755223598,0.0,4.200336755223598,0.0,0.0,0.0,1.0727380586397459e-11
gravitational,2,0.2,real_to_damping_n0,0,,4.190838330177704,0.0,4.200336755223598,0.0,0.0022613484583306064,-0.0022613484583306064,1.1141247883103491e-11
gravitational,2,0.5,real_to_damping_n0,0,,4.1430015196916035,0.0,4.200336755223598,0.0,0.013650152088565761,-0.013650152088565761,8.88535659030065e-12
gravitational,2,1.0,real_to_damping_n0,0,,3.995463677685357,0.0,4.200336755223598,0.0,0.04877539337374752,-0.04877539337374752,8.809462883071715e-12
gravitational,2,0.0,real_to_damping_n1,1,,1.2657618411943832,0.0,1.2657618411943832,0.0,0.0,0.0,3.150476342345582e-08
gravitational,2,0.2,real_to_damping_n1,1,,1.2620290313797176,0.0,1.2657618411943832,0.0,0.002949061737509251,-0.002949061737509251,3.1768589222932424e-08
gravitational,2,0.5,real_to_damping_n1,1,,1.24318068419618,0.0,1.2657618411943832,0.0,0.017839972942220554,-0.017839972942220554,3.317095888268997e-08
gravitational,2,1.0,real_to_damping_n1,1,,1.1844975527195558,0.0,1.2657618411943832,0.0,0.06420187892387853,-0.06420187892387853,3.786340005890857e-08
gravitational,2,0.0,real_to_damping_n2,2,,0.6294541974102498,0.0,0.6294541974102498,0.0,0.0,0.0,1.0244249051467922e-05
gravitational,2,0.2,real_to_damping_n2,2,,0.6266663816076385,0.0,0.6294541974102498,0.0,0.004428941476728694,-0.004428941476728694,1.0470862577010254e-05
gravitational,2,0.5,real_to_damping_n2,2,,0.6125465733433392,0.0,0.6294541974102498,0.0,0.026860769435605135,-0.026860769435605135,1.2015469154339846e-05
gravitational,2,1.0,real_to_damping_n2,2,,0.5680966778626709,0.0,0.6294541974102498,0.0,0.09747733798586268,-0.09747733798586268,0.0
gravitational,3,0.0,omega0_over_omega1,0,1,0.8966481869738482,0.27379059836431735,0.8966481869738482,0.27379059836431735,0.0,0.0,1.0667707823714203e-10
gravitational,3,0.2,omega0_over_omega1,0,1,0.896285953076759,0.27429945888480417,0.8966481869738482,0.27379059836431735,0.000666250768521439,-0.0004039866497826207,1.1091789538771235e-10
gravitational,3,0.5,omega0_over_omega1,0,1,0.8944323851543233,0.2768866394734822,0.8966481869738482,0.27379059836431735,0.004061003803528181,-0.002471205375436153,2.504368224874599e-10
gravitational,3,1.0,omega0_over_omega1,0,1,0.8883917178357358,0.2851283203963878,0.8966481869738482,0.27379059836431735,0.014960198119453086,-0.009208147920287055,1.4009609564961757e-10
gravitational,3,0.0,omega0_over_omega2,0,2,0.7026164826916882,0.44212813379225857,0.7026164826916882,0.44212813379225857,0.0,0.0,2.240936466319818e-08
gravitational,3,0.2,omega0_over_omega2,0,2,0.7016767967497711,0.4426592004859294,0.7026164826916882,0.44212813379225857,0.0013002135799463422,-0.0013374094759593148,2.229905609286553e-08
gravitational,3,0.5,omega0_over_omega2,0,2,0.6968776499329833,0.4453357299302996,0.7026164826916882,0.44212813379225857,0.007919555777428281,-0.008167802634973386,4.2451007879031324e-08
gravitational,3,1.0,omega0_over_omega2,0,2,0.6813443009303708,0.453592570754929,0.7026164826916882,0.44212813379225857,0.029109031231915126,-0.030275665722820432,9.640310814875638e-09
gravitational,3,0.0,real_to_damping_n0,0,,6.466273781995541,0.0,6.466273781995541,0.0,0.0,0.0,9.422696215805236e-14
gravitational,3,0.2,real_to_damping_n0,0,,6.452021198206247,0.0,6.466273781995541,0.0,0.0022041417158949485,-0.0022041417158949485,4.506801958147117e-13
gravitational,3,0.5,real_to_damping_n0,0,,6.380332080235214,0.0,6.466273781995541,0.0,0.013290761365474532,-0.013290761365474532,3.048399464959931e-13
gravitational,3,1.0,real_to_damping_n0,0,,6.160238159666795,0.0,6.466273781995541,0.0,0.04732797166443228,-0.04732797166443228,3.0790731133602955e-14
gravitational,3,0.0,real_to_damping_n1,1,,2.0712680789728823,0.0,2.0712680789728823,0.0,0.0,0.0,1.0667707823714203e-10
gravitational,3,0.2,real_to_damping_n1,1,,2.0661695427878968,0.0,2.0712680789728823,0.0,0.0024615530151528594,-0.0024615530151528594,1.1091789538771235e-10
gravitational,3,0.5,real_to_damping_n1,1,,2.0404976850163705,0.0,2.0712680789728823,0.0,0.014855823960638885,-0.014855823960638885,2.504368224874599e-10
gravitational,3,1.0,real_to_damping_n1,1,,1.961387635765676,0.0,2.0712680789728823,0.0,0.05304984145832763,-0.05304984145832763,1.4009609564961757e-10
gravitational,3,0.0,real_to_damping_n2,2,,1.1515200337825513,0.0,1.1515200337825513,0.0,0.0,0.0,2.240936466319818e-08
gravitational,3,0.2,real_to_damping_n2,2,,1.1480865637772448,0.0,1.1515200337825513,0.0,0.002981684994248945,-0.002981684994248945,2.229905609286553e-08
gravitational,3,0.5,real_to_damping_n2,2,,1.1307723632053481,0.0,1.1515200337825513,0.0,0.01801763752997899,-0.01801763752997899,4.2451007879031324e-08
gravitational,3,1.0,real_to_damping_n2,2,,1.077128948174045,0.0,1.1515200337825513,0.0,0.06460251096469774,-0.06460251096469774,9.640310814875638e-09
gravitational,4,0.0,omega0_over_omega1,0,1,0.9383944886436355,0.2167298411898355,0.9383944886436355,0.2167298411898355,0.0,0.0,1.3792352305161642e-11
gravitational,4,0.2,omega0_over_omega1,0,1,0.938170913860983,0.2171624715273201,0.9383944886436355,0.2167298411898355,0.000505645075566541,-0.00023825244644788484,2.6829252980716285e-11
gravitational,4,0.5,omega0_over_omega1,0,1,0.9370265451943175,0.21936331990042604,0.9383944886436355,0.2167298411898355,0.003081279416499248,-0.0014577488101994807,7.43848407952179e-11
gravitational,4,1.0,omega0_over_omega1,0,1,0.9332938562750621,0.22638733414677067,0.9383944886436355,0.2167298411898355,0.011340189912938817,-0.00543548841164433,2.298115770414292e-11
gravitational,4,0.0,omega0_over_omega2,0,2,0.8103172367759743,0.38140322196783405,0.8103172367759743,0.38140322196783405,0.0,0.0,2.807762221168071e-09
gravitational,4,0.2,omega0_over_omega2,0,2,0.8096634738960131,0.38201286840469545,0.8103172367759743,0.38140322196783405,0.000998123269116158,-0.0008067986836394557,3.808349060741258e-09
gravitational,4,0.5,omega0_over_omega2,0,2,0.8063206672782047,0.3851015257630566,0.8103172367759743,0.38140322196783405,0.006079991626477682,-0.004932104756491224,1.3589802490677995e-08
gravitational,4,1.0,omega0_over_omega2,0,2,0.7954575339645815,0.3948134891361257,0.8103172367759743,0.38140322196783405,0.02234965990288801,-0.018338129977976795,5.1398572333597516e-09
gravitational,4,0.0,real_to_damping_n0,0,,8.593291627010307,0.0,8.593291627010307,0.0,0.0,0.0,6.868825342770505e-14
gravitational,4,0.2,real_to_damping_n0,0,,8.574384002336295,0.0,8.593291627010307,0.0,0.0022002773203439715,-0.0022002773203439715,3.0933642223607694e-13
gravitational,4,0.5,real_to_damping_n0,0,,8.47932537488593,0.0,8.593291627010307,0.0,0.01326223490032164,-0.01326223490032164,1.6340390633653617e-13
gravitational,4,1.0,real_to_damping_n0,0,,8.187995285601861,0.0,8.593291627010307,0.0,0.04716427173663289,-0.04716427173663289,2.1301943888376897e-14
gravitational,4,0.0,real_to_damping_n1,1,,2.8017421521598966,0.0,2.8017421521598966,0.0,0.0,0.0,1.3792352305161642e-11
gravitational,4,0.2,real_to_damping_n1,1,,2.7951790192454404,0.0,2.8017421521598966,0.0,0.0023425185324054917,-0.0023425185324054917,2.6829252980716285e-11
gravitational,4,0.5,real_to_damping_n1,1,,2.7621630397838635,0.0,2.8017421521598966,0.0,0.014126607741373047,-0.014126607741373047,7.43848407952179e-11
gravitational,4,1.0,real_to_damping_n1,1,,2.6607625870377922,0.0,2.8017421521598966,0.0,0.05031853663386603,-0.05031853663386603,2.298115770414292e-11
gravitational,4,0.0,real_to_damping_n2,2,,1.6101195450809365,0.0,1.6101195450809365,0.0,0.0,0.0,2.807762221168071e-09
gravitational,4,0.2,real_to_damping_n2,2,,1.605887382466181,0.0,1.6101195450809365,0.0,0.0026284772628747343,-0.0026284772628747343,3.808349060741258e-09
gravitational,4,0.5,real_to_damping_n2,2,,1.5845762738860276,0.0,1.6101195450809365,0.0,0.015864207892479717,-0.015864207892479717,1.3589802490677995e-08
gravitational,4,1.0,real_to_damping_n2,2,,1.518893422166689,0.0,1.6101195450809365,0.0,0.05665798119956477,-0.05665798119956477,5.1398572333597516e-09
scalar,2,0.0,omega0_over_omega1,0,1,0.8360598990645016,0.3242074679754346,0.8360598990645016,0.3242074679754346,0.0,0.0,1.8142844205909435e-09
scalar,2,0.2,omega0_over_omega1,0,1,0.8354970745128202,0.3247274754055702,0.8360598990645016,0.3242074679754346,0.0008545323516890364,-0.0006731868760972812,1.7882961564609665e-09
scalar,2,0.5,omega0_over_omega1,0,1,0.8326176933899281,0.32736271098501757,0.8360598990645016,0.3242074679754346,0.005207324390953274,-0.004117175908598356,1.8081830764410907e-09
scalar,2,1.0,omega0_over_omega1,0,1,0.8232407469686832,0.33565894952517356,0.8360598990645016,0.3242074679754346,0.019168923939641987,-0.015332815400143258,1.7472980192219998e-09
scalar,2,0.0,omega0_over_omega2,0,2,0.5798143694084337,0.46014035325842645,0.5798143694084337,0.46014035325842645,0.0,0.0,6.106966736840458e-07
scalar,2,0.2,omega0_over_omega2,0,2,0.5786570547476997,0.46038735186689084,0.5798143694084337,0.46014035325842645,0.0015987025584387117,-0.001996008932849939,6.368257716229932e-07
scalar,2,0.5,omega0_over_omega2,0,2,0.5727631786249554,0.4615957284944492,0.5798143694084337,0.46014035325842645,0.009726699587036978,-0.012161117687842705,9.180839390628178e-07
scalar,2,1.0,omega0_over_omega2,0,2,0.553880536198483,0.4649052338334503,0.5798143694084337,0.46014035325842645,0.03562213271029824,-0.04472782079618026,8.631500438472693e-07
scalar,2,0.0,real_to_damping_n0,0,,4.998449673642423,0.0,4.998449673642423,0.0,0.0,0.0,7.913528165069764e-13
scalar,2,0.2,real_to_damping_n0,0,,4.987216075154503,0.0,4.998449673642423,0.0,0.002247416543404638,-0.002247416543404638,6.084073632980392e-13
scalar,2,0.5,real_to_damping_n0,0,,4.9307143504967526,0.0,4.998449673642423,0.0,0.013551266406231647,-0.013551266406231647,6.219483207098473e-13
scalar,2,1.0,real_to_damping_n0,0,,4.757252744862315,0.0,4.998449673642423,0.0,0.04825434775345947,-0.04825434775345947,6.341136312121044e-13
scalar,2,0.0,real_to_damping_n1,1,,1.5691623858130628,0.0,1.5691623858130628,0.0,0.0,0.0,1.8142844205909435e-09
scalar,2,0.2,real_to_damping_n1,1,,1.5650115357638996,0.0,1.5691623858130628,0.0,0.002645264815605678,-0.002645264815605678,1.7882961564609665e-09
scalar,2,0.5,real_to_damping_n1,1,,1.544104524645788,0.0,1.5691623858130628,0.0,0.01596894075069927,-0.01596894075069927,1.8081830764410907e-09
scalar,2,1.0,real_to_damping_n1,1,,1.4795965583317339,0.0,1.5691623858130628,0.0,0.05707874996947515,-0.05707874996947515,1.7472980192219998e-09
scalar,2,0.0,real_to_damping_n2,2,,0.8465970723377578,0.0,0.8465970723377578,0.0,0.0,0.0,6.106966736840458e-07
scalar,2,0.2,real_to_damping_n2,2,,0.8437379368341706,0.0,0.8465970723377578,0.0,0.0033772092970887403,-0.0033772092970887403,6.368257716229932e-07
scalar,2,0.5,real_to_damping_n2,2,,0.8293208311208613,0.0,0.8465970723377578,0.0,0.02040668670066462,-0.02040668670066462,9.180839390628178e-07
scalar,2,1.0,real_to_damping_n2,2,,0.7846694917242796,0.0,0.8465970723377578,0.0,0.07314882443719539,-0.07314882443719539,8.631500438472693e-07
scalar,3,0.0,omega0_over_omega1,0,1,0.9089575354332261,0.2560649743986803,0.9089575354332261,0.2560649743986803,0.0,0.0,5.305159796009103e-11
scalar,3,0.2,omega0_over_omega1,0,1,0.9086275806517535,0.2565507436672857,0.9089575354332261,0.2560649743986803,0.000621846025236634,-0.00036300351623721555,7.273143079311922e-11
scalar,3,0.5,omega0_over_omega1,0,1,0.9069385603688761,0.25901924938405235,0.9089575354332261,0.2560649743986803,0.0037891838052282263,-0.0022211984450821705,1.9561506217434798e-10
scalar,3,1.0,omega0_over_omega1,0,1,0.9014274989598741,0.26686717873797056,0.9089575354332261,0.2560649743986803,0.013943881352518013,-0.008284255512291986,7.887570520720627e-11
scalar,3,0.0,omega0_over_omega2,0,2,0.734810503630961,0.4229190582194375,0.734810503630961,0.4229190582194375,0.0,0.0,5.717530994281813e-09
scalar,3,0.2,omega0_over_omega2,0,2,0.7339409776182259,0.42346289705823564,0.734810503630961,0.4229190582194375,0.0012096727560284909,-0.0011833336737002494,6.749811652112841e-09
scalar,3,0.5,omega0_over_omega2,0,2,0.7294992666892519,0.42620372213122937,0.734810503630961,0.4229190582194375,0.007365740865968881,-0.007228036229020106,3.822904680427064e-08
scalar,3,1.0,omega0_over_omega2,0,2,0.7151151195970884,0.43465619204636835,0.734810503630961,0.4229190582194375,0.027042685068614344,-0.026803351253895644,9.381428039120406e-09
scalar,3,0.0,real_to_damping_n0,0,,6.998640807176911,0.0,6.998640807176911,0.0,0.0,0.0,4.1970000564771457e-14
scalar,3,0.2,real_to_damping_n0,0,,6.98305010718736,0.0,6.998640807176911,0.0,0.0022276754042818395,-0.0022276754042818395,3.637513774822398e-13
scalar,3,0.5,real_to_damping_n0,0,,6.904669731051282,0.0,6.998640807176911,0.0,0.013427046581568302,-0.013427046581568302,1.7595246298900246e-13
scalar,3,1.0,real_to_damping_n0,0,,6.664464710726612,0.0,6.998640807176911,0.0,0.04774871373704597,-0.04774871373704597,6.619785404933111e-14
scalar,3,0.0,real_to_damping_n1,1,,2.2603691042046563,0.0,2.2603691042046563,0.0,0.0,0.0,5.305159796009103e-11
scalar,3,0.2,real_to_damping_n1,1,,2.254866074175486,0.0,2.2603691042046563,0.0,0.0024345714241686286,-0.0024345714241686286,7.273143079311922e-11
scalar,3,0.5,real_to_damping_n1,1,,2.227177578684658,0.0,2.2603691042046563,0.0,0.014684117500215556,-0.014684117500215556,1.9561506217434798e-10
scalar,3,1.0,real_to_damping_n1,1,,2.1420754733643785,0.0,2.2603691042046563,0.0,0.05233376735694727,-0.05233376735694727,7.887570520720627e-11
scalar,3,0.0,real_to_damping_n2,2,,1.2774501890409142,0.0,1.2774501890409142,0.0,0.0,0.0,5.717530994281813e-09
scalar,3,0.2,real_to_damping_n2,2,,1.2738225769623517,0.0,1.2774501890409142,0.0,0.0028397287891797104,-0.0028397287891797104,6.749811652112841e-09
scalar,3,0.5,real_to_damping_n2,2,,1.2555493293895186,0.0,1.2774501890409142,0.0,0.01714419852866311,-0.01714419852866311,3.822904680427064e-08
scalar,3,1.0,real_to_damping_n2,2,,1.1991594702699087,0.0,1.2774501890409142,0.0,0.061286709605315244,-0.061286709605315244,9.381428039120406e-09
scalar,4,0.0,omega0_over_omega1,0,1,0.9429179710899092,0.20785097750575351,0.9429179710899092,0.20785097750575351,0.0,0.0,1.4329415127939906e-11
scalar,4,0.2,omega0_over_omega1,0,1,0.9427065956944239,0.20827092887354529,0.9429179710899092,0.20785097750575351,0.000486919514955244,-0.00022417156313277935,2.6018278591170056e-11
scalar,4,0.5,omega0_over_omega1,0,1,0.9416243615624671,0.21040690530043274,0.9429179710899092,0.20785097750575351,0.002966838206349818,-0.0013719215956259625,7.533114094433817e-11
scalar,4,1.0,omega0_over_omega1,0,1,0.9380909599746164,0.2172192145196672,0.9429179710899092,0.20785097750575351,0.010914641481196308,-0.005119226977626929,2.570484311862887e-11
scalar,4,0.0,omega0_over_omega2,0,2,0.823573384117424,0.3687534383767132,0.823573384117424,0.3687534383767132,0.0,0.0,2.4082341318366355e-09
scalar,4,0.2,omega0_over_omega2,0,2,0.822952802481053,0.369357401520795,0.823573384117424,0.3687534383767132,0.0009596661766905363,-0.0007535231812233246,3.190321199625765e-09
scalar,4,0.5,omega0_over_omega2,0,2,0.8197790539521189,0.3724169258031908,0.823573384117424,0.3687534383767132,0.00584499458090185,-0.004607154915977797,1.2251237735190586e-08
scalar,4,1.0,omega0_over_omega2,0,2,0.8094591234452222,0.3820325745302298,0.823573384117424,0.3687534383767132,0.021475987508331885,-0.01713783002752963,4.529176946400924e-09
scalar,4,0.0,real_to_damping_n0,0,,8.998863082578433,0.0,8.998863082578433,0.0,0.0,0.0,3.8553806534114085e-14
scalar,4,0.2,real_to_damping_n0,0,,8.97889160751371,0.0,8.998863082578433,0.0,0.0022193331403594506,-0.0022193331403594506,2.956749578453687e-13
scalar,4,0.5,real_to_damping_n0,0,,8.878508880625686,0.0,8.998863082578433,0.0,0.013374378612977172,-0.013374378612977172,1.0834519104755332e-13
scalar,4,1.0,real_to_damping_n0,0,,8.571129173653684,0.0,8.998863082578433,0.0,0.04753199431968584,-0.04753199431968584,5.710379853424436e-14
scalar,4,0.0,real_to_damping_n1,1,,2.94217456519943,0.0,2.94217456519943,0.0,0.0,0.0,1.4329415127939906e-11
scalar,4,0.2,real_to_damping_n1,1,,2.935274465805226,0.0,2.94217456519943,0.0,0.0023452379324529217,-0.0023452379324529217,2.6018278591170056e-11
scalar,4,0.5,real_to_damping_n1,1,,2.900574408201773,0.0,2.94217456519943,0.0,0.014139255192302693,-0.014139255192302693,7.533114094433817e-11
scalar,4,1.0,real_to_damping_n1,1,,2.794123315244067,0.0,2.94217456519943,0.0,0.05032034866541897,-0.05032034866541897,2.570484311862887e-11
scalar,4,0.0,real_to_damping_n2,2,,1.7002851409589324,0.0,1.7002851409589324,0.0,0.0,0.0,2.4082341318366355e-09
scalar,4,0.2,real_to_damping_n2,2,,1.695872012924009,0.0,1.7002851409589324,0.0,0.002595522320705808,-0.002595522320705808,3.190321199625765e-09
scalar,4,0.5,real_to_damping_n2,2,,1.6736597082585076,0.0,1.7002851409589324,0.0,0.015659392685987025,-0.015659392685987025,1.2251237735190586e-08
scalar,4,1.0,real_to_damping_n2,2,,1.6053112497125015,0.0,1.7002851409589324,0.0,0.0558576258526068,-0.0558576258526068,4.529176946400924e-09
