perturbation_type,ell,overtone,mode,confidence_tier,a_over_M,spectral_N,spectral_real,spectral_imag,leaver_real,leaver_imag,spectral_leaver_relative_difference,continued_fraction_abs,polynomial_backward_error_raw,schwarzschild_literature_real,schwarzschild_literature_imag,literature_relative_error,literature_tolerance,spectral_leaver_validation_passed,literature_validation_passed,literature_source
scalar,2,0,fundamental,robust_quantitative,0.0,32,0.48364387221053917,-0.09675877597793836,0.48364387221071303,-0.09675877597828782,7.913528165069764e-13,4.742874840267547e-16,2.2225293319943267e-20,0.483643872211,-0.096758775978,8.240579509872721e-13,5e-05,True,True,Berti-Cardoso-Starinets review/ringdown tables; rounded scalar references also agree with recent Schwarzschild tables
scalar,2,1,first overtone,validated_low_lying,0.0,32,0.46385057891627257,-0.2956039379805023,0.4638505790197655,-0.2956039369879625,1.8142844205909435e-09,5.4672143489065705e-16,1.7134167480856164e-20,0.46385057902,-0.295603936988,4.3172281385127694e-13,5e-05,True,True,Berti-Cardoso-Starinets review/ringdown tables; rounded scalar references also agree with recent Schwarzschild tables
scalar,2,2,second overtone,exploratory_diagnostic,0.0,32,0.4305439582991861,-0.508558006731865,0.43054405437657595,-0.5085584021542734,6.106966736840458e-07,6.940448042097717e-15,1.636892739532586e-20,0.430544,-0.508558,6.090257752923147e-07,5e-05,True,True,Berti-Cardoso-Starinets review/ringdown tables; rounded scalar references also agree with recent Schwarzschild tables
scalar,2,0,fundamental,robust_quantitative,0.2,32,0.48203368791930384,-0.09665386072209685,0.48203368791957835,-0.09665386072221566,6.084073632980392e-13,5.509324452557032e-16,7.59182010822789e-21,,,,,True,,
scalar,2,1,first overtone,validated_low_lying,0.2,32,0.46216558690205634,-0.29531129832555797,0.46216558699247906,-0.2953112973489303,1.7882961564609665e-09,2.3714374201337736e-16,1.2562651431594026e-20,,,,,True,,
scalar,2,2,second overtone,exploratory_diagnostic,0.2,32,0.428737555064118,-0.5081404098870094,0.42873768188892974,-0.5081408138380228,6.368257716229932e-07,5.551115123125783e-15,1.5469212578952878e-20,,,,,True,,
scalar,2,0,fundamental,robust_quantitative,0.5,32,0.4738869263709161,-0.09610918270333074,0.4738869263710777,-0.09610918270358437,6.219483207098473e-13,7.151963422724292e-14,6.99049979445164e-21,,,,,True,,
scalar,2,1,first overtone,validated_low_lying,0.5,32,0.4536427457066632,-0.29379018071495056,0.45364274584456094,-0.2937901797474656,1.8081830764410907e-09,7.92120068171973e-13,1.4684142855434683e-20,,,,,True,,
scalar,2,2,second overtone,exploratory_diagnostic,0.5,32,0.4196069505221198,-0.5059645618167956,0.41960733599435157,-0.5059650261373936,9.180839390628178e-07,1.4557951032840333e-10,7.462217966073428e-21,,,,,True,,
scalar,2,0,fundamental,robust_quantitative,1.0,32,0.4483624090017799,-0.0942481791587782,0.44836240900203495,-0.09424817915891738,6.341136312121044e-13,4.065599728786519e-15,1.212606820278114e-20,,,,,True,,
scalar,2,1,first overtone,validated_low_lying,1.0,32,0.4269714902744878,-0.28857291401866697,0.426971489573508,-0.2885729134534649,1.7472980192219998e-09,2.5885773982057002e-12,4.695697101283823e-21,,,,,True,,
scalar,2,2,second overtone,exploratory_diagnostic,1.0,32,0.39111575100252904,-0.49844717779237235,0.39111629784924434,-0.49844718314430964,8.631500438472693e-07,7.675247241834933e-09,2.4171284245468183e-21,,,,,True,,
scalar,3,0,fundamental,robust_quantitative,0.0,32,0.6753662325366268,-0.09649962773398167,0.6753662325366205,-0.09649962773400962,4.1970000564771457e-14,4.577566798522237e-16,8.550263826734937e-21,0.675366,-0.0965,6.433725723205301e-07,5e-05,True,True,Berti-Cardoso-Starinets review/ringdown tables; rounded scalar references also agree with recent Schwarzschild tables
scalar,3,1,first overtone,validated_low_lying,0.0,32,0.6606714979876019,-0.2922847851600421,0.6606714979559625,-0.2922847851384119,5.305159796009103e-11,8.886119947416683e-16,4.7438403332275555e-21,0.660671,-0.292285,7.506990242452532e-07,5e-05,True,True,Berti-Cardoso-Starinets review/ringdown tables; rounded scalar references also agree with recent Schwarzschild tables
scalar,3,2,second overtone,exploratory_diagnostic,0.0,32,0.6336258116642093,-0.4960082327284389,0.6336258076943235,-0.4960082304031267,5.717530994281813e-09,1.6011864169946884e-15,2.0852848216330524e-21,0.633626,-0.496008,3.729590765311778e-07,5e-05,True,True,Berti-Cardoso-Starinets review/ringdown tables; rounded scalar references also agree with recent Schwarzschild tables
scalar,3,0,fundamental,robust_quantitative,0.2,32,0.6731230465477877,-0.09639384455417647,0.6731230465476425,-0.09639384455437679,3.637513774822398e-13,2.0014830212433605e-16,1.673903252332029e-20,,,,,True,,
scalar,3,1,first overtone,validated_low_lying,0.2,32,0.6583728165673843,-0.2919786785244183,0.6583728165233457,-0.2919786784960549,7.273143079311922e-11,2.618455766672135e-16,1.6429632674860442e-20,,,,,True,,
scalar,3,2,second overtone,exploratory_diagnostic,0.2,32,0.6312250266470666,-0.49553606533329125,0.6312250228277949,-0.4955360614922207,6.749811652112841e-09,1.831026719408895e-15,1.7499678039396142e-20,,,,,True,,
scalar,3,0,fundamental,robust_quantitative,0.5,32,0.6617749533438675,-0.09584454856219772,0.6617749533439771,-0.09584454856224056,1.7595246298900246e-13,1.3743915342634358e-15,1.747634976063213e-20,,,,,True,,
scalar,3,1,first overtone,validated_low_lying,0.5,32,0.6467459452483932,-0.2903881358065851,0.6467459451134298,-0.29038813577469175,1.9561506217434798e-10,7.18359392964919e-14,1.334160369455193e-20,,,,,True,,
scalar,3,2,second overtone,exploratory_diagnostic,0.5,32,0.6190857535832741,-0.49307961717582965,0.6190857459282751,-0.49307958790379913,3.822904680427064e-08,3.0748130863260345e-12,8.808660177353027e-21,,,,,True,,
scalar,3,0,fundamental,robust_quantitative,1.0,32,0.6262342541563701,-0.09396617452987781,0.626234254156411,-0.09396617452988719,6.619785404933111e-14,2.220446049250313e-16,1.0915698630571043e-20,,,,,True,,
scalar,3,1,first overtone,validated_low_lying,1.0,32,0.6103582494974478,-0.28493778909123046,0.6103582494443323,-0.2849377890899865,7.887570520720627e-11,4.665909567421267e-15,1.0535502950260638e-20,,,,,True,,
scalar,3,2,second overtone,exploratory_diagnostic,1.0,32,0.5811473888660097,-0.4846289501302255,0.5811473869266748,-0.4846289433013186,9.381428039120406e-09,6.933117743191362e-12,3.131430760380608e-21,,,,,True,,
scalar,4,0,fundamental,robust_quantitative,0.0,32,0.8674156417378459,-0.09639169234802933,0.8674156417378789,-0.09639169234802263,3.8553806534114085e-14,1.3732700395566711e-15,2.4510366377881977e-20,0.867416,-0.096392,5.410798360233572e-07,5e-05,True,True,Berti-Cardoso-Starinets review/ringdown tables; rounded scalar references also agree with recent Schwarzschild tables
scalar,4,1,first overtone,validated_low_lying,0.0,32,0.8558080351189341,-0.29087602252126094,0.8558080351237757,-0.2908760225332742,1.4329415127939906e-11,8.005932084973442e-16,6.1693647031166024e-21,0.855808,-0.290876,4.61676151077629e-08,5e-05,True,True,Berti-Cardoso-Starinets review/ringdown tables; rounded scalar references also agree with recent Schwarzschild tables
scalar,4,2,second overtone,exploratory_diagnostic,0.0,32,0.8336921345911323,-0.4903248934754127,0.8336921325614892,-0.4903248946181467,2.4082341318366355e-09,2.288783399261119e-15,6.588422920164034e-21,0.833692,-0.490325,1.7508974675404474e-07,5e-05,True,True,Berti-Cardoso-Starinets review/ringdown tables; rounded scalar references also agree with recent Schwarzschild tables
scalar,4,0,fundamental,robust_quantitative,0.2,32,0.8645374140302179,-0.09628553855213635,0.8645374140304737,-0.09628553855210949,2.956749578453687e-13,4.041272810440265e-16,2.2901138240500387e-20,,,,,True,,
scalar,4,1,first overtone,validated_low_lying,0.2,32,0.8528860569179052,-0.2905643294322282,0.8528860569232423,-0.29056432945505567,2.6018278591170056e-11,1.7235296186091125e-15,7.70311485868174e-21,,,,,True,,
scalar,4,2,second overtone,exploratory_diagnostic,0.2,32,0.830686345904597,-0.4898284389581769,0.8306863431769744,-0.4898284403813656,3.190321199625765e-09,1.2560739669470201e-15,2.4778076101421446e-21,,,,,True,,
scalar,4,0,fundamental,robust_quantitative,0.5,32,0.8499773147730515,-0.09573424166174234,0.8499773147730099,-0.09573424166165954,1.0834519104755332e-13,8.08254562088053e-16,4.308782856916419e-20,,,,,True,,
scalar,4,1,first overtone,validated_low_lying,0.5,32,0.8381062944097141,-0.2889449385992173,0.8381062944449222,-0.28894493865596466,7.533114094433817e-11,4.636427468134552e-15,7.88256432383717e-21,,,,,True,,
scalar,4,2,second overtone,exploratory_diagnostic,0.5,32,0.8154858850722103,-0.48724711497912765,0.815485875582896,-0.48724712171713397,1.2251237735190586e-08,3.4253259211123796e-13,4.054347005236326e-21,,,,,True,,
scalar,4,0,fundamental,robust_quantitative,1.0,32,0.8043830653957872,-0.09384796904808199,0.804383065395777,-0.09384796904803688,5.710379853424436e-14,6.753223014464259e-16,4.1358200717352165e-20,,,,,True,,
scalar,4,1,first overtone,validated_low_lying,1.0,32,0.7918462266053079,-0.2833970219755755,0.791846226619132,-0.2833970219921965,2.570484311862887e-11,4.577566798522237e-16,1.140540349412153e-20,,,,,True,,
scalar,4,2,second overtone,exploratory_diagnostic,1.0,32,0.767951818583102,-0.4783818783524141,0.7679518157875469,-0.4783818813486051,4.529176946400924e-09,2.1391321343824536e-14,1.3844598713848932e-20,,,,,True,,
gravitational,2,0,fundamental,robust_quantitative,0.0,32,0.3736716844139545,-0.0889623156894583,0.37367168441804177,-0.08896231568893574,1.0727380586397459e-11,2.237726045655905e-16,9.20021225522901e-21,0.37367168,-0.08896232,1.607035238917671e-08,5e-05,True,True,Berti-Cardoso-Starinets review/ringdown tables; rounded scalar references also agree with recent Schwarzschild tables
gravitational,2,1,first overtone,validated_low_lying,0.0,32,0.34671101029320683,-0.2739148715701034,0.34671099687916335,-0.2739148752912349,3.150476342345582e-08,4.335559509131367e-16,1.3289986533839514e-20,0.346710996,-0.273914876,2.555760031816671e-09,5e-05,True,True,Berti-Cardoso-Starinets review/ringdown tables; rounded scalar references also agree with recent Schwarzschild tables
gravitational,2,2,second overtone,exploratory_diagnostic,0.0,32,0.3010516248851582,-0.47828247593922674,0.30105345461229804,-0.47827698321961465,1.0244249051467922e-05,1.616509124176106e-15,1.1289462555329005e-20,0.301053454,-0.478276983,1.1510296916200562e-09,5e-05,True,True,Berti-Cardoso-Starinets review/ringdown tables; rounded scalar references also agree with recent Schwarzschild tables
gravitational,2,0,fundamental,robust_quantitative,0.2,32,0.3723833690964139,-0.08885653412628328,0.3723833691006361,-0.08885653412567836,1.1141247883103491e-11,1.0007415106216802e-16,1.6652604543643394e-20,,,,,True,,
gravitational,2,1,first overtone,validated_low_lying,0.2,32,0.3453154552510342,-0.27361924955807726,0.34531544193753316,-0.2736192538772392,3.1768589222932424e-08,4.710277376051325e-16,3.94838444027325e-21,,,,,True,,
gravitational,2,2,second overtone,exploratory_diagnostic,0.2,32,0.2994621861995986,-0.4778735084922033,0.29946368274710694,-0.4778677962249519,1.0470862577010254e-05,5.2650797949824194e-15,1.430775297604821e-21,,,,,True,,
gravitational,2,0,fundamental,robust_quantitative,0.5,32,0.3658681292752198,-0.08830991915966642,0.3658681292784279,-0.088309919158722,8.88535659030065e-12,2.1412613511737565e-13,1.3509695053004346e-20,,,,,True,,
gravitational,2,1,first overtone,validated_low_lying,0.5,32,0.3382564825944356,-0.2720895406221235,0.33825647003918813,-0.27208954767335297,3.317095888268997e-08,1.6347324251928577e-11,5.840557147429699e-21,,,,,True,,
gravitational,2,2,second overtone,exploratory_diagnostic,0.5,32,0.2914169630599255,-0.47575243978939363,0.2914164333513081,-0.4757457571931693,1.2015469154339846e-05,1.7104310355346834e-09,3.526480494419321e-21,,,,,True,,
gravitational,2,0,fundamental,robust_quantitative,1.0,32,0.34548795616901395,-0.0864700530527649,0.3454879561713115,-0.08647005305062835,8.809462883071715e-12,2.190307557189146e-13,1.395081408426451e-20,,,,,True,,
gravitational,2,1,first overtone,validated_low_lying,1.0,32,0.31616400240409503,-0.2669182212798275,0.3161639975111328,-0.2669182361628639,3.786340005890857e-08,2.2138670258704984e-10,4.7330985341607395e-21,,,,,True,,
gravitational,2,2,second overtone,exploratory_diagnostic,1.0,32,0.2661706203216734,-0.46853049963797927,0.2661706203216734,-0.46853049963797927,0.0,2.792682492698255e-05,6.997017503007357e-21,,,,,True,,
gravitational,3,0,fundamental,robust_quantitative,0.0,32,0.5994432884375469,-0.09270304794495451,0.5994432884374902,-0.09270304794494758,9.422696215805236e-14,5.661048867003676e-16,2.9920832400175616e-20,0.599443288,-0.092703048,7.269416491833337e-10,5e-05,True,True,Berti-Cardoso-Starinets review/ringdown tables; rounded scalar references also agree with recent Schwarzschild tables
gravitational,3,1,first overtone,validated_low_lying,0.0,32,0.5826438029649645,-0.28129811342534666,0.5826438030332994,-0.28129811343504396,1.0667707823714203e-10,3.885780586188048e-16,1.2474479628470268e-20,0.582643804,-0.281298113,1.638469954516626e-09,5e-05,True,True,Berti-Cardoso-Starinets review/ringdown tables; rounded scalar references also agree with recent Schwarzschild tables
gravitational,3,2,second overtone,exploratory_diagnostic,0.0,32,0.5516848956579499,-0.4790927665196845,0.551684900778451,-0.4790927509669616,2.240936466319818e-08,1.3732700395566711e-15,1.4596913207896184e-20,0.551684837,-0.479092791,1.0305760995253617e-07,5e-05,True,True,Berti-Cardoso-Starinets review/ringdown tables; rounded scalar references also agree with recent Schwarzschild tables
gravitational,3,0,fundamental,robust_quantitative,0.2,32,0.5974160623009769,-0.09259362980187183,0.5974160623007057,-0.0925936298018977,4.506801958147117e-13,7.850462293418876e-16,1.4044964008839474e-20,,,,,True,,
gravitational,3,1,first overtone,validated_low_lying,0.2,32,0.5805547597220929,-0.2809811817404405,0.5805547597932427,-0.2809811817329841,1.1091789538771235e-10,5.4672143489065705e-16,1.4652519801693365e-20,,,,,True,,
gravitational,3,2,second overtone,exploratory_diagnostic,0.2,32,0.5494797892473716,-0.4786048631691202,0.5494797955849484,-0.47860484820686405,2.229905609286553e-08,1.1801832636420706e-15,1.6898152531125128e-21,,,,,True,,
gravitational,3,0,fundamental,robust_quantitative,0.5,32,0.5871635814093223,-0.09202711928261363,0.5871635814093505,-0.09202711928243466,3.048399464959931e-13,3.3984432745746066e-15,1.572583627063187e-20,,,,,True,,
gravitational,3,1,first overtone,validated_low_lying,0.5,32,0.5699908815976276,-0.27933914656449094,0.5699908817345729,-0.2793391464837658,2.504368224874599e-10,4.208968418036948e-13,2.0109122088449348e-20,,,,,True,,
gravitational,3,2,second overtone,exploratory_diagnostic,0.5,32,0.5383310652777824,-0.4760738055345613,0.5383310951514654,-0.47607379935028044,4.2451007879031324e-08,1.6954932186569606e-11,8.574261564980086e-21,,,,,True,,
gravitational,3,0,fundamental,robust_quantitative,1.0,32,0.5550880799210578,-0.0901082174964466,0.5550880799210591,-0.09010821749642933,3.0790731133602955e-14,7.301351988545593e-16,3.0152500612681604e-20,,,,,True,,
gravitational,3,1,first overtone,validated_low_lying,1.0,32,0.536959037138769,-0.27376487315178066,0.5369590372055771,-0.27376487310014164,1.4009609564961757e-10,1.1100897898676363e-13,3.2585707143566835e-21,,,,,True,,
gravitational,3,2,second overtone,exploratory_diagnostic,1.0,32,0.5035009402796791,-0.4674472264910841,0.5035009350372502,-0.46744722244331827,9.640310814875638e-09,5.717779187580162e-11,4.12171389240624e-21,,,,,True,,
gravitational,4,0,fundamental,robust_quantitative,0.0,32,0.8091783775322189,-0.09416396098887103,0.8091783775322391,-0.09416396098892321,6.868825342770505e-14,8.617648093045562e-16,5.215973450471169e-20,0.809178378,-0.094163961,5.743551995845234e-10,5e-05,True,True,Berti-Cardoso-Starinets review/ringdown tables; rounded scalar references also agree with recent Schwarzschild tables
gravitational,4,1,first overtone,validated_low_lying,0.0,32,0.7966315320434891,-0.2843343493974015,0.7966315320345024,-0.2843343494048407,1.3792352305161642e-11,2.434909185329438e-15,1.9927180462241937e-20,0.796631,-0.284334,7.52506428636245e-07,5e-05,True,True,Berti-Cardoso-Starinets review/ringdown tables; rounded scalar references also agree with recent Schwarzschild tables
gravitational,4,2,second overtone,exploratory_diagnostic,0.0,32,0.7727095343041337,-0.4799081770294403,0.77270953260671,-0.4799081751211634,2.807762221168071e-09,4.12167961557554e-15,1.3693202843945537e-20,0.772695,-0.4799,1.833148221531121e-05,5e-05,True,True,Berti-Cardoso-Starinets review/ringdown tables; rounded scalar references also agree with recent Schwarzschild tables
gravitational,4,0,fundamental,robust_quantitative,0.2,32,0.8064638343560504,-0.09405501714589921,0.8064638343562723,-0.0940550171460168,3.0933642223607694e-13,7.021666937153402e-16,2.8329404267023606e-20,,,,,True,,
gravitational,4,1,first overtone,validated_low_lying,0.2,32,0.7938708926153573,-0.28401432863075604,0.7938708925998788,-0.28401432864725223,2.6829252980716285e-11,1.9389211565826713e-15,1.1004233726961246e-20,,,,,True,,
gravitational,4,2,second overtone,exploratory_diagnostic,0.2,32,0.7698599229753988,-0.47939845158231886,0.7698599205776621,-0.4793984490963362,3.808349060741258e-09,1.3788683915077173e-15,9.430653419448654e-21,,,,,True,,
gravitational,4,0,fundamental,robust_quantitative,0.5,32,0.7927343325646484,-0.09349025983973137,0.7927343325645653,-0.09349025983983186,1.6340390633653617e-13,9.485749680535094e-16,3.8340110203367523e-20,,,,,True,,
gravitational,4,1,first overtone,validated_low_lying,0.5,32,0.7799096781423982,-0.28235468607483466,0.7799096780950937,-0.28235468611444486,7.43848407952179e-11,5.7302997460712835e-15,8.418498953933681e-21,,,,,True,,
gravitational,4,2,second overtone,exploratory_diagnostic,0.5,32,0.7554513809331379,-0.4767529318352223,0.7554513717358383,-0.4767529239114273,1.3589802490677995e-08,1.9507174594079395e-13,1.4385612112402842e-21,,,,,True,,
gravitational,4,0,fundamental,robust_quantitative,1.0,32,0.7497692937568571,-0.0915693362788306,0.7497692937568452,-0.09156933627884145,2.1301943888376897e-14,4.47545209131181e-16,1.6219011582201403e-20,,,,,True,,
gravitational,4,1,first overtone,validated_low_lying,1.0,32,0.7362390718056837,-0.2767022790174532,0.7362390717936736,-0.2767022790309613,2.298115770414292e-11,1.0934428697813141e-15,5.370762202114046e-21,,,,,True,,
gravitational,4,2,second overtone,exploratory_diagnostic,1.0,32,0.7104175058715624,-0.4677204437223942,0.7104175020792383,-0.46772044154739545,5.1398572333597516e-09,6.874782104478211e-14,2.716046677213852e-21,,,,,True,,
