case,a_over_M,overtone,N,omega_real,omega_imag,cf_real_order128_depth320,cf_imag_order128_depth320,cf_residual_abs,absolute_error_from_cf,movement_from_previous_N
scalar_l2_n0_a0,0.0,0,16,0.4836438924274065,-0.09675878999169116,0.48364387221071303,-0.09675877597828782,4.742874840267547e-16,2.4598580623456618e-08,
scalar_l2_n0_a0,0.0,0,24,0.48364387218444604,-0.09675877604571895,0.48364387221071303,-0.09675877597828782,4.742874840267547e-16,7.236651158577677e-11,2.458185488661172e-08
scalar_l2_n0_a0,0.0,0,32,0.48364387221053917,-0.09675877597793836,0.48364387221071303,-0.09675877597828782,4.742874840267547e-16,3.903172032245425e-13,7.262960308475571e-11
scalar_l2_n0_a0,0.0,0,48,0.483643872210601,-0.0967587759783489,0.48364387221071303,-0.09675877597828782,4.742874840267547e-16,1.2758962559327712e-13,4.151640970559858e-13
scalar_l2_n0_a0,0.0,0,64,0.48364387220903693,-0.09675877597674665,0.48364387221071303,-0.09675877597828782,4.742874840267547e-16,2.2769559698700166e-12,2.2390948456215386e-12
scalar_l2_n0_a0,0.0,0,80,0.4836438722195567,-0.09675877598249254,0.48364387221071303,-0.09675877597828782,4.742874840267547e-16,9.79233271855854e-12,1.1986677064592854e-11
scalar_l2_n0_a0,0.0,0,96,0.48364387218947097,-0.09675877596067525,0.48364387221071303,-0.09675877597828782,4.742874840267547e-16,2.7593979159496696e-11,3.7163744880753456e-11
scalar_l2_n0_a0,0.0,0,112,0.483643872205803,-0.09675877597462466,0.48364387221071303,-0.09675877597828782,4.742874840267547e-16,6.125924916530885e-12,2.147840363591815e-11
scalar_l2_n0_a0,0.0,0,128,0.4836438721584987,-0.09675877602288466,0.48364387221071303,-0.09675877597828782,4.742874840267547e-16,6.866742941821919e-11,6.757755774250891e-11
scalar_l2_n0_a1,1.0,0,16,0.44836242586060293,-0.09424818425109038,0.44836240900203417,-0.09424817915891819,3.8956806801599406e-16,1.7610836392288187e-08,
scalar_l2_n0_a1,1.0,0,24,0.448362409008405,-0.09424817920890874,0.44836240900203417,-0.09424817915891819,3.8956806801599406e-16,5.039487209595896e-11,1.7590343097820127e-08
scalar_l2_n0_a1,1.0,0,32,0.4483624090017799,-0.0942481791587782,0.44836240900203417,-0.09424817915891819,3.8956806801599406e-16,2.902316178628402e-13,5.056641880091774e-11
scalar_l2_n0_a1,1.0,0,48,0.44836240900104274,-0.09424817916188052,0.44836240900203417,-0.09424817915891819,3.8956806801599406e-16,3.1238409690974273e-12,3.1887082319862554e-12
scalar_l2_n0_a1,1.0,0,64,0.4483624090013222,-0.09424817915922012,0.44836240900203417,-0.09424817915891819,3.8956806801599406e-16,7.733636131965236e-13,2.6750354977725126e-12
scalar_l2_n0_a1,1.0,0,80,0.4483624089950758,-0.09424817916134919,0.44836240900203417,-0.09424817915891819,3.8956806801599406e-16,7.370806541138307e-12,6.5992663705732686e-12
scalar_l2_n0_a1,1.0,0,96,0.44836240909457853,-0.09424817915768438,0.44836240900203417,-0.09424817915891819,3.8956806801599406e-16,9.255258526220297e-11,9.957020607052829e-11
scalar_l2_n0_a1,1.0,0,112,0.44836240897847046,-0.09424817914465067,0.44836240900203417,-0.09424817915891819,3.8956806801599406e-16,2.7546512083154684e-11,1.1683732724367324e-10
scalar_l2_n0_a1,1.0,0,128,0.4483624090722082,-0.09424817869430951,0.44836240900203417,-0.09424817915891819,3.8956806801599406e-16,4.698782949794427e-10,4.5999338927715466e-10
scalar_l2_n1_a0,0.0,1,16,0.46385479091430576,-0.2956025836838266,0.46385057901976556,-0.2956039369879625,3.554447978966673e-16,4.423967416474843e-06,
scalar_l2_n1_a0,0.0,1,24,0.46385063081398814,-0.29560394046787497,0.46385057901976556,-0.2956039369879625,3.554447978966673e-16,5.1910993856813956e-08,4.375762517163518e-06
scalar_l2_n1_a0,0.0,1,32,0.46385057891627257,-0.2956039379805023,0.46385057901976556,-0.2956039369879625,3.554447978966673e-16,9.979208383246017e-10,5.195728923126061e-08
scalar_l2_n1_a0,0.0,1,48,0.4638505786004547,-0.2956039368116171,0.46385057901976556,-0.2956039369879625,3.554447978966673e-16,4.54883825302422e-10,1.2107986763051065e-09
scalar_l2_n1_a0,0.0,1,64,0.46385060361144476,-0.29560385081459994,0.46385057901976556,-0.2956039369879625,3.554447978966673e-16,8.961361001474304e-08,8.956023998658406e-08
scalar_l2_n1_a0,0.0,1,80,0.4638509380810954,-0.29560488537087787,0.46385057901976556,-0.2956039369879625,3.554447978966673e-16,1.0140784943694562e-06,1.0872794670146953e-06
scalar_l2_n1_a0,0.0,1,96,0.4638466822563364,-0.29559265256471645,0.46385057901976556,-0.2956039369879625,3.554447978966673e-16,1.1938298589782218e-05,1.2951972473798468e-05
scalar_l2_n1_a0,0.0,1,112,0.4638531884207797,-0.29559325273237264,0.46385057901976556,-0.2956039369879625,3.554447978966673e-16,1.0998285828356987e-05,6.533787338053991e-06
scalar_l2_n1_a0,0.0,1,128,0.46360133610449644,-0.2956922888474277,0.46385057901976556,-0.2956039369879625,3.554447978966673e-16,0.0002644391837130233,0.00027062472411524434
scalar_l2_n1_a1,1.0,1,16,0.4269742792113136,-0.2885697521693848,0.42697148957556297,-0.2885729134520976,6.112007782224858e-14,4.216132826603751e-06,
scalar_l2_n1_a1,1.0,1,24,0.42697152681997463,-0.28857288010821247,0.42697148957556297,-0.2885729134520976,6.112007782224858e-14,4.998960769430472e-08,4.166492456783057e-06
scalar_l2_n1_a1,1.0,1,32,0.4269714902744878,-0.28857291401866697,0.42697148957556297,-0.2885729134520976,6.112007782224858e-14,8.997203513755871e-10,4.985470423291193e-08
scalar_l2_n1_a1,1.0,1,48,0.4269714630214645,-0.28857291631029447,0.42697148957556297,-0.2885729134520976,6.112007782224858e-14,2.6707479009878538e-08,2.7349201718380485e-08
scalar_l2_n1_a1,1.0,1,64,0.426971482811342,-0.2885728799472149,0.42697148957556297,-0.2885729134520976,6.112007782224858e-14,3.4180869650415684e-08,4.1399430022815266e-08
scalar_l2_n1_a1,1.0,1,80,0.4269706129957886,-0.288572351989348,0.42697148957556297,-0.2885729134520976,6.112007782224858e-14,1.040976714469127e-06,1.0175060718315122e-06
scalar_l2_n1_a1,1.0,1,96,0.4270355479326775,-0.28860895793753105,0.42697148957556297,-0.2885729134520976,6.112007782224858e-14,7.350291182241923e-05,7.45422126794479e-05
scalar_l2_n1_a1,1.0,1,112,0.42692159456486745,-0.2885012901788929,0.42697148957556297,-0.2885729134520976,6.112007782224858e-14,8.728920527110786e-05,0.0001567728174315099
scalar_l2_n1_a1,1.0,1,128,0.42797872902327233,-0.28548219941150216,0.42697148957556297,-0.2885729134520976,6.112007782224858e-14,0.003250699091850215,0.00319881889529419
